<?xml version="1.0" encoding="UTF-8"?>
<!--
  Copyright 2012 SURFnet bv, The Netherlands

  Licensed under the Apache License, Version 2.0 (the "License");
  you may not use this file except in compliance with the License.
  You may obtain a copy of the License at

       http://www.apache.org/licenses/LICENSE-2.0

  Unless required by applicable law or agreed to in writing, software
  distributed under the License is distributed on an "AS IS" BASIS,
  WITHOUT WARRANTIES OR CONDITIONS OF ANY KIND, either express or implied.
  See the License for the specific language governing permissions and
  limitations under the License.
  -->

<assembly>
    <id>bin</id>
    <formats>
        <format>tar.gz</format>
    </formats>
    <fileSets>

        <fileSet>
            <directory>src/main/resources/tomcat</directory>
            <outputDirectory>tomcat/conf/classpath_properties</outputDirectory>
            <includes>
                <include>**/*.*</include>
            </includes>
        </fileSet>
        <fileSet>
            <directory>target/resources/context</directory>
            <outputDirectory>tomcat/conf/context</outputDirectory>
            <includes>
                <include>**/*.*</include>
            </includes>
        </fileSet>
    </fileSets>

    <dependencySets>
        <dependencySet>
            <outputDirectory>/tomcat/webapps</outputDirectory>
            <unpack>false</unpack>
            <scope>runtime</scope>
        </dependencySet>
    </dependencySets>
</assembly>
