<?xml version="1.0" encoding="utf-8"?>
<zabbix_export version="1.0" date="02.06.11" time="08.45">
    <hosts>
        <host name="MongoDB Moniting">
            <proxy_hostid>0</proxy_hostid>
            <useip>1</useip>
            <dns></dns>
            <ip>127.0.0.1</ip>
            <port>10050</port>
            <status>3</status>
            <useipmi>0</useipmi>
            <ipmi_ip>127.0.0.1</ipmi_ip>
            <ipmi_port>623</ipmi_port>
            <ipmi_authtype>0</ipmi_authtype>
            <ipmi_privilege>2</ipmi_privilege>
            <ipmi_username></ipmi_username>
            <ipmi_password></ipmi_password>
            <groups>
                <group>MongoDB Moniting</group>
            </groups>
            <triggers />
            <items>
                <item type="0" key="MongoDB.Status[extra_info,page_faults]" value_type="0">
                    <description>MongoDB.Status[extra_info,page_faults]</description>
                    <ipmi_sensor></ipmi_sensor>
                    <delay>60</delay>
                    <history>7</history>
                    <trends>365</trends>
                    <status>0</status>
                    <data_type>0</data_type>
                    <units></units>
                    <multiplier>0</multiplier>
                    <delta>0</delta>
                    <formula>0</formula>
                    <lastlogsize>0</lastlogsize>
                    <logtimefmt></logtimefmt>
                    <delay_flex></delay_flex>
                    <authtype>0</authtype>
                    <username></username>
                    <password></password>
                    <publickey></publickey>
                    <privatekey></privatekey>
                    <params></params>
                    <trapper_hosts>localhost</trapper_hosts>
                    <snmp_community></snmp_community>
                    <snmp_oid></snmp_oid>
                    <snmp_port>161</snmp_port>
                    <snmpv3_securityname></snmpv3_securityname>
                    <snmpv3_securitylevel>0</snmpv3_securitylevel>
                    <snmpv3_authpassphrase></snmpv3_authpassphrase>
                    <snmpv3_privpassphrase></snmpv3_privpassphrase>
                    <applications>
                        <application>MongoDB Status</application>
                    </applications>
                </item>
               
                <item type="0" key="MongoDB.Status[backgroundFlushing,average_ms]" value_type="0">
                    <description>MongoDB.Status[backgroundFlushing,average_ms]</description>
                    <ipmi_sensor></ipmi_sensor>
                    <delay>60</delay>
                    <history>7</history>
                    <trends>365</trends>
                    <status>0</status>
                    <data_type>0</data_type>
                    <units></units>
                    <multiplier>0</multiplier>
                    <delta>0</delta>
                    <formula>0</formula>
                    <lastlogsize>0</lastlogsize>
                    <logtimefmt></logtimefmt>
                    <delay_flex></delay_flex>
                    <authtype>0</authtype>
                    <username></username>
                    <password></password>
                    <publickey></publickey>
                    <privatekey></privatekey>
                    <params></params>
                    <trapper_hosts>localhost</trapper_hosts>
                    <snmp_community></snmp_community>
                    <snmp_oid></snmp_oid>
                    <snmp_port>161</snmp_port>
                    <snmpv3_securityname></snmpv3_securityname>
                    <snmpv3_securitylevel>0</snmpv3_securitylevel>
                    <snmpv3_authpassphrase></snmpv3_authpassphrase>
                    <snmpv3_privpassphrase></snmpv3_privpassphrase>
                    <applications>
                        <application>MongoDB Status</application>
                    </applications>
                </item>
				 
                <item type="0" key="MongoDB.Status[connections,current]" value_type="3">
                    <description>MongoDB.Status[connections,current]</description>
                    <ipmi_sensor></ipmi_sensor>
                    <delay>60</delay>
                    <history>7</history>
                    <trends>365</trends>
                    <status>0</status>
                    <data_type>0</data_type>
                    <units></units>
                    <multiplier>0</multiplier>
                    <delta>0</delta>
                    <formula>0</formula>
                    <lastlogsize>0</lastlogsize>
                    <logtimefmt></logtimefmt>
                    <delay_flex></delay_flex>
                    <authtype>0</authtype>
                    <username></username>
                    <password></password>
                    <publickey></publickey>
                    <privatekey></privatekey>
                    <params></params>
                    <trapper_hosts>localhost</trapper_hosts>
                    <snmp_community></snmp_community>
                    <snmp_oid></snmp_oid>
                    <snmp_port>161</snmp_port>
                    <snmpv3_securityname></snmpv3_securityname>
                    <snmpv3_securitylevel>0</snmpv3_securitylevel>
                    <snmpv3_authpassphrase></snmpv3_authpassphrase>
                    <snmpv3_privpassphrase></snmpv3_privpassphrase>
                    <applications>
                        <application>MongoDB Status</application>
                    </applications>
                </item>
				
				<item type="0" key="MongoDB.Status[connections,available]" value_type="0">
                    <description>MongoDB.Status[connections,available]</description>
                    <ipmi_sensor></ipmi_sensor>
                    <delay>60</delay>
                    <history>7</history>
                    <trends>365</trends>
                    <status>0</status>
                    <data_type>0</data_type>
                    <units></units>
                    <multiplier>0</multiplier>
                    <delta>0</delta>
                    <formula>0</formula>
                    <lastlogsize>0</lastlogsize>
                    <logtimefmt></logtimefmt>
                    <delay_flex></delay_flex>
                    <authtype>0</authtype>
                    <username></username>
                    <password></password>
                    <publickey></publickey>
                    <privatekey></privatekey>
                    <params></params>
                    <trapper_hosts>localhost</trapper_hosts>
                    <snmp_community></snmp_community>
                    <snmp_oid></snmp_oid>
                    <snmp_port>161</snmp_port>
                    <snmpv3_securityname></snmpv3_securityname>
                    <snmpv3_securitylevel>0</snmpv3_securitylevel>
                    <snmpv3_authpassphrase></snmpv3_authpassphrase>
                    <snmpv3_privpassphrase></snmpv3_privpassphrase>
                    <applications>
                        <application>MongoDB Status</application>
                    </applications>
                </item>
				
				<item type="0" key="MongoDB.GlobalLock[currentQueue,total]" value_type="3">
                    <description>MongoDB.GlobalLock[currentQueue,total]</description>
                    <ipmi_sensor></ipmi_sensor>
                    <delay>60</delay>
                    <history>7</history>
                    <trends>365</trends>
                    <status>0</status>
                    <data_type>0</data_type>
                    <units></units>
                    <multiplier>0</multiplier>
                    <delta>0</delta>
                    <formula>0</formula>
                    <lastlogsize>0</lastlogsize>
                    <logtimefmt></logtimefmt>
                    <delay_flex></delay_flex>
                    <authtype>0</authtype>
                    <username></username>
                    <password></password>
                    <publickey></publickey>
                    <privatekey></privatekey>
                    <params></params>
                    <trapper_hosts>localhost</trapper_hosts>
                    <snmp_community></snmp_community>
                    <snmp_oid></snmp_oid>
                    <snmp_port>161</snmp_port>
                    <snmpv3_securityname></snmpv3_securityname>
                    <snmpv3_securitylevel>0</snmpv3_securitylevel>
                    <snmpv3_authpassphrase></snmpv3_authpassphrase>
                    <snmpv3_privpassphrase></snmpv3_privpassphrase>
                    <applications>
                        <application>MongoDB Status</application>
                    </applications>
                </item>
				
				<item type="0" key="MongoDB.rpstatus[myState]" value_type="3">
                    <description>MongoDB:Primary or Secondary</description>
                    <ipmi_sensor></ipmi_sensor>
                    <delay>60</delay>
                    <history>7</history>
                    <trends>365</trends>
                    <status>0</status>
                    <data_type>0</data_type>
                    <units></units>
                    <multiplier>0</multiplier>
                    <delta>0</delta>
                    <formula>0</formula>
                    <lastlogsize>0</lastlogsize>
                    <logtimefmt></logtimefmt>
                    <delay_flex></delay_flex>
                    <authtype>0</authtype>
                    <username></username>
                    <password></password>
                    <publickey></publickey>
                    <privatekey></privatekey>
                    <params></params>
                    <trapper_hosts>localhost</trapper_hosts>
                    <snmp_community></snmp_community>
                    <snmp_oid></snmp_oid>
                    <snmp_port>161</snmp_port>
                    <snmpv3_securityname></snmpv3_securityname>
                    <snmpv3_securitylevel>0</snmpv3_securitylevel>
                    <snmpv3_authpassphrase></snmpv3_authpassphrase>
                    <snmpv3_privpassphrase></snmpv3_privpassphrase>
                    <applications>
                        <application>MongoDB Status</application>
                    </applications>
                </item>
				
            </items>
            <templates />
			
			
            <graphs>
				<graph name="MongoDB Extra Info" width="900" height="200">
                    <ymin_type>0</ymin_type>
                    <ymax_type>0</ymax_type>
                    <ymin_item_key></ymin_item_key>
                    <ymax_item_key></ymax_item_key>
                    <show_work_period>1</show_work_period>
                    <show_triggers>1</show_triggers>
                    <graphtype>0</graphtype>
                    <yaxismin>0.0000</yaxismin>
                    <yaxismax>100.0000</yaxismax>
                    <show_legend>0</show_legend>
                    <show_3d>0</show_3d>
                    <percent_left>0.0000</percent_left>
                    <percent_right>0.0000</percent_right>
					 <graph_elements>
                        <graph_element item="MongoDB Moniting:MongoDB.Status[extra_info,page_faults]">
                            <drawtype>0</drawtype>
                            <sortorder>0</sortorder>
                            <color>FF3333</color>
                            <yaxisside>0</yaxisside>
                            <calc_fnc>2</calc_fnc>
                            <type>0</type>
                            <periods_cnt>5</periods_cnt>
                        </graph_element>
					 </graph_elements>
                </graph>
				
                <graph name="MongoDB Background Flushes" width="900" height="200">
                    <ymin_type>0</ymin_type>
                    <ymax_type>0</ymax_type>
                    <ymin_item_key></ymin_item_key>
                    <ymax_item_key></ymax_item_key>
                    <show_work_period>1</show_work_period>
                    <show_triggers>1</show_triggers>
                    <graphtype>0</graphtype>
                    <yaxismin>0.0000</yaxismin>
                    <yaxismax>100.0000</yaxismax>
                    <show_legend>0</show_legend>
                    <show_3d>0</show_3d>
                    <percent_left>0.0000</percent_left>
                    <percent_right>0.0000</percent_right>
                    <graph_elements>
                        <graph_element item="MongoDB Moniting:MongoDB.Status[backgroundFlushing,average_ms]">
                            <drawtype>0</drawtype>
                            <sortorder>1</sortorder>
                            <color>33FF33</color>
                            <yaxisside>0</yaxisside>
                            <calc_fnc>2</calc_fnc>
                            <type>0</type>
                            <periods_cnt>5</periods_cnt>
                        </graph_element>
                    </graph_elements>
                </graph>
				
                <graph name="MongoDB Current Connections" width="900" height="200">
                    <ymin_type>0</ymin_type>
                    <ymax_type>0</ymax_type>
                    <ymin_item_key></ymin_item_key>
                    <ymax_item_key></ymax_item_key>
                    <show_work_period>1</show_work_period>
                    <show_triggers>1</show_triggers>
                    <graphtype>0</graphtype>
                    <yaxismin>0.0000</yaxismin>
                    <yaxismax>100.0000</yaxismax>
                    <show_legend>0</show_legend>
                    <show_3d>0</show_3d>
                    <percent_left>0.0000</percent_left>
                    <percent_right>0.0000</percent_right>
                    <graph_elements>
                        <graph_element item="MongoDB Moniting:MongoDB.Status[connections,current]">
                            <drawtype>0</drawtype>
                            <sortorder>0</sortorder>
                            <color>009900</color>
                            <yaxisside>0</yaxisside>
                            <calc_fnc>2</calc_fnc>
                            <type>0</type>
                            <periods_cnt>5</periods_cnt>
                        </graph_element>
						<graph_element item="MongoDB Moniting:MongoDB.Status[connections,available]">
                            <drawtype>0</drawtype>
                            <sortorder>0</sortorder>
                            <color>009900</color>
                            <yaxisside>0</yaxisside>
                            <calc_fnc>2</calc_fnc>
                            <type>0</type>
                            <periods_cnt>5</periods_cnt>
                        </graph_element>
                    </graph_elements>
                </graph>
				
				
				 <graph name="MongoDB Current Queue" width="900" height="200">
                    <ymin_type>0</ymin_type>
                    <ymax_type>0</ymax_type>
                    <ymin_item_key></ymin_item_key>
                    <ymax_item_key></ymax_item_key>
                    <show_work_period>1</show_work_period>
                    <show_triggers>1</show_triggers>
                    <graphtype>0</graphtype>
                    <yaxismin>0.0000</yaxismin>
                    <yaxismax>100.0000</yaxismax>
                    <show_legend>0</show_legend>
                    <show_3d>0</show_3d>
                    <percent_left>0.0000</percent_left>
                    <percent_right>0.0000</percent_right>
                    <graph_elements>
                        <graph_element item="MongoDB Moniting:MongoDB.GlobalLock[currentQueue,total]">
                            <drawtype>0</drawtype>
                            <sortorder>0</sortorder>
                            <color>009900</color>
                            <yaxisside>0</yaxisside>
                            <calc_fnc>2</calc_fnc>
                            <type>0</type>
                            <periods_cnt>5</periods_cnt>
                        </graph_element>
                    </graph_elements>
                </graph>
				
				<graph name="MongoDB Nodes status" width="900" height="200">
                    <ymin_type>0</ymin_type>
                    <ymax_type>0</ymax_type>
                    <ymin_item_key></ymin_item_key>
                    <ymax_item_key></ymax_item_key>
                    <show_work_period>1</show_work_period>
                    <show_triggers>1</show_triggers>
                    <graphtype>0</graphtype>
                    <yaxismin>0.0000</yaxismin>
                    <yaxismax>100.0000</yaxismax>
                    <show_legend>0</show_legend>
                    <show_3d>0</show_3d>
                    <percent_left>0.0000</percent_left>
                    <percent_right>0.0000</percent_right>
                    <graph_elements>
                        <graph_element item="MongoDB Moniting:MongoDB.rpstatus[myState]">
                            <drawtype>0</drawtype>
                            <sortorder>0</sortorder>
                            <color>009900</color>
                            <yaxisside>0</yaxisside>
                            <calc_fnc>2</calc_fnc>
                            <type>0</type>
                            <periods_cnt>5</periods_cnt>
                        </graph_element>
                    </graph_elements>
                </graph>
				
				 
				
            </graphs>
            <macros />
        </host>
    </hosts>
    <dependencies />
</zabbix_export>